id,text,date,slug
91,"You are an artist - let your colors show.","2023-08-22","you-are-an-artist-let-your-colors-show"
92,"You have a good head for matters of the heart.","2023-08-22","you-have-a-good-head-for-matters-of-the-heart"
93,"There is no doubt that you will lead a good life.","2023-08-22","there-is-no-doubt-that-you-will-lead-a-good-life"
94,"You don't need to travel far to find the satisfaction you're looking for.","2023-08-22","you-dont-need-to-travel-far-to-find-the-satisfaction-youre-looking-for"
95,"A new outlook will mean sunny skies ahead.","2023-08-22","a-new-outlook-will-mean-sunny-skies-ahead"
96,"You may have a fantastic opportunity soon - be open to it.","2023-08-22","you-may-have-a-fantastic-opportunity-soon-be-open-to-it"
97,"Be bold, try something new.","2023-08-22","be-bold-try-something-new"
98,"You have a contagious exuberance for life.","2023-08-22","you-have-a-contagious-exuberance-for-life"
99,"You bring out the best in others.","2023-08-22","you-bring-out-the-best-in-others"
100,"You shall attain great wisdom with each passing year.","2023-08-22","you-shall-attain-great-wisdom-with-each-passing-year"
101,"You hold the key to success.","2023-08-22","you-hold-the-key-to-success"
102,"Today's your lucky day.","2023-08-22","todays-your-lucky-day"
103,"Any doubts you have will soon disappear.","2023-08-22","any-doubts-you-have-will-soon-disappear"
104,"Truth will be your biggest ally this month.","2023-08-22","truth-will-be-your-biggest-ally-this-month"
105,"You will soon be rewarded for your best efforts.","2023-08-22","you-will-soon-be-rewarded-for-your-best-efforts"
106,"Your effortless humor will help someone in need.","2023-08-22","your-effortless-humor-will-help-someone-in-need"
107,"You are destined for success and happiness.","2023-08-22","you-are-destined-for-success-and-happiness"
108,"A surprise gift will leave a lasting impression.","2023-08-22","a-surprise-gift-will-leave-a-lasting-impression"
109,"You take criticism as an opportunity to grow.","2023-08-22","you-take-criticism-as-an-opportunity-to-grow"
110,"You will make a change for the better.","2023-08-22","you-will-make-a-change-for-the-better"
85,"A stranger's kindness will surprise and delight you.","2023-08-22","a-strangers-kindness-will-surprise-and-delight-you"
87,"You are admired by many.","2023-08-22","you-are-admired-by-many"
89,"A friends advice is invaluable.","2023-08-22","a-friends-advice-is-invaluable"
111,"You will be rewarded for your patience and understanding.","2023-08-22","you-will-be-rewarded-for-your-patience-and-understanding"
112,"An admirer is concealing affection for you.","2023-08-22","an-admirer-is-concealing-affection-for-you"
113,"You have the makings of a leader - take charge.","2023-08-22","you-have-the-makings-of-a-leader-take-charge"
114,"Your dream will come true when you least expect it.","2023-08-22","your-dream-will-come-true-when-you-least-expect-it"
115,"You are surrounded by unlimited opportunities.","2023-08-22","you-are-surrounded-by-unlimited-opportunities"
116,"You will have good luck in your personal affairs.","2023-08-22","you-will-have-good-luck-in-your-personal-affairs"
117,"Address the elephant in the room.","2023-08-22","address-the-elephant-in-the-room"
560,"Others are inspired by your courage.","2023-09-10","others-are-inspired-by-your-courage"
620,"Avoid unchallenging occupations, they waste your talents.","2023-09-29","avoid-unchallenging-occupations-they-waste-your-talents"
626,"Someone is speaking well of you.","2023-10-17","someone-is-speaking-well-of-you"
990,"Your keen sense of humor will make you many friends.","2025-12-29","your-keen-sense-of-humor-will-make-you-many-friends"
995,"Someone you respect will soon honor you.","2025-12-29","someone-you-respect-will-soon-honor-you"
998,"Your biggest battle will be won with the help of others.","2025-12-29","your-biggest-battle-will-be-won-with-the-help-of-others"
1000,"Do not dwell on differences with a loved one - seek common ground.","2025-12-29","do-not-dwell-on-differences-with-a-loved-one-seek-common-ground"
1002,"Unforeseen financial resources will soon become available to you.","2025-12-29","unforeseen-financial-resources-will-soon-become-available-to-you"
1004,"Be willing to assert yourself in situations of great importance.","2025-12-29","be-willing-to-assert-yourself-in-situations-of-great-importance"
1006,"Your sense of humor will get you through difficult times.","2025-12-29","your-sense-of-humor-will-get-you-through-difficult-times"
1016,"Your courage will guide your future.","2026-01-03","your-courage-will-guide-your-future"